{"17324801": {"Bank": 0, "Coalition": "Enemies", "CoalitionID": 2, "Country": 80, "Flags": {"AI_ON": true, "Born": true, "Human": false, "IRJamming": false, "Invisible": false, "Jamming": false, "RadarActive": true, "Static": false}, "GroupName": "GDI-13-GCE-C-AMPH", "Heading": 6.2831854820251, "LatLongAlt": {"Alt": 5.0000045318226, "Lat": 42.162108479669, "Long": 41.706728379574}, "Name": "Vulcan", "Pitch": 1.6257659751773e-07, "Position": {"x": -293494.71875, "y": 5.0000045318226, "z": 619990.9375}, "Type": {"level1": 2, "level2": 16, "level3": 105, "level4": 46}, "UnitName": "GDI-3-21"}, "17197569": {"Bank": 0, "Coalition": "Enemies", "CoalitionID": 2, "Country": 2, "Flags": {"AI_ON": true, "Born": true, "Human": false, "IRJamming": false, "Invisible": false, "Jamming": false, "RadarActive": false, "Static": false}, "GroupName": "GDI-191AF-2U-D-UAVR-1", "Heading": 0.83377456665039, "LatLongAlt": {"Alt": 466.51568603516, "Lat": 41.626575163755, "Long": 45.037611587486}, "Name": "MQ-9 Reaper", "Pitch": -0.045622676610947, "Position": {"x": -319214.875, "y": 466.51568603516, "z": 904053.9375}, "Type": {"level1": 1, "level2": 1, "level3": 1, "level4": 285}, "UnitName": "GDI-191AF-2U-C-UAVR-13-1"}}